strategy,support_size,vol_multiplier,rebalance_date,next_rebalance_date,target_vol_daily,target_vol_annualized,benchmark_vol_annualized,dense_realized_vol_daily,dense_realized_vol_annualized,sparse_realized_vol_daily,sparse_realized_vol_annualized,dense_expected_return_daily,sparse_expected_return_daily,dense_feasible,sparse_feasible,num_holdings
k=20|vol=1.00,20,1.0,2010-07-30,2010-08-31,0.012737117317132682,0.20219546904592378,0.20219546904592378,0.012737117470924656,0.20219547148729566,0.012737117470924656,0.20219547148729566,0.001975709215870469,0.0019757092158704695,True,True,6
k=20|vol=1.00,20,1.0,2010-08-31,2010-09-30,0.012517264640448921,0.19870541600046107,0.19870541600046107,0.012517264696212418,0.1987054168856791,0.012517264696212418,0.1987054168856791,0.0023681077750298896,0.00236810777502989,True,True,8
k=20|vol=1.00,20,1.0,2010-09-30,2010-10-29,0.012308516918093426,0.19539164863983827,0.19539164863983827,0.012308516927076333,0.19539164878243748,0.012308516927076333,0.19539164878243748,0.0034128038436479166,0.003412803843647916,True,True,7
k=20|vol=1.00,20,1.0,2010-10-29,2010-11-30,0.011854704220610785,0.18818759540378355,0.18818759540378355,0.011854704237077051,0.1881875956651774,0.011854704237077053,0.18818759566517743,0.0035897629101511474,0.0035897629101511483,True,True,6
k=20|vol=1.00,20,1.0,2010-11-30,2010-12-31,0.011634334124944268,0.18468932858660883,0.18468932858660883,0.011634336010390092,0.1846893585171334,0.011634334124980437,0.18468932858718298,0.003579107305059079,0.0035791067464747734,True,True,9
k=20|vol=1.00,20,1.0,2010-12-31,2011-01-31,0.011247147253931219,0.1785429275569502,0.1785429275569502,0.01124714727268669,0.17854292785468406,0.01124714727268669,0.17854292785468406,0.0030476812110285774,0.0030476812110285774,True,True,7
k=20|vol=1.00,20,1.0,2011-01-31,2011-02-28,0.010958553038634114,0.17396163641602239,0.17396163641602239,0.010958553090437393,0.17396163723837393,0.010958553090437397,0.173961637238374,0.003511598975804469,0.00351159897580447,True,True,11
k=20|vol=1.00,20,1.0,2011-02-28,2011-03-31,0.010754929907263594,0.17072921941530259,0.17072921941530259,0.010754930144294775,0.17072922317805594,0.010754929933386805,0.1707292198299957,0.003401873846550081,0.00340191295103394,True,True,13
k=20|vol=1.00,20,1.0,2011-03-31,2011-04-29,0.010706476292851057,0.16996004213215585,0.16996004213215585,0.01070647634197844,0.16996004291202887,0.010706476341978442,0.1699600429120289,0.0032332778113305007,0.0032332778113305007,True,True,13
k=20|vol=1.00,20,1.0,2011-04-29,2011-05-31,0.010466510707469786,0.16615070655935857,0.16615070655935857,0.010466510759452149,0.166150707384553,0.01046651075945215,0.16615070738455304,0.003255363023083464,0.003255363023083464,True,True,11
k=20|vol=1.00,20,1.0,2011-05-31,2011-06-30,0.010281778655020142,0.1632181761395728,0.1632181761395728,0.010281778801953887,0.16321817847207368,0.010281778801953887,0.16321817847207368,0.0031116795680593665,0.0031116795680593665,True,True,8
k=20|vol=1.00,20,1.0,2011-06-30,2011-07-29,0.01027989433738,0.16318826352437157,0.16318826352437157,0.010279895265185633,0.1631882782528294,0.01027989433822893,0.16318826353784793,0.0026160272224826408,0.002616084504318991,True,True,13
k=20|vol=1.00,20,1.0,2011-07-29,2011-08-31,0.010251655729035577,0.1627399895140722,0.1627399895140722,0.010251656072588445,0.16273999496780492,0.010251656072588444,0.1627399949678049,0.001968841684719617,0.001968841684719617,True,True,9
k=20|vol=1.00,20,1.0,2011-08-31,2011-09-30,0.011985970307139354,0.1902713799269712,0.1902713799269712,0.011985970354664126,0.1902713806814036,0.011985970354664128,0.19027138068140362,0.0016286486270957123,0.0016286486270957125,True,True,4
k=20|vol=1.00,20,1.0,2011-09-30,2011-10-31,0.012351759566840401,0.19607810440753556,0.19607810440753556,0.012351759568433276,0.19607810443282167,0.012351759568433275,0.19607810443282164,0.0014017908805204326,0.0014017908805204328,True,True,4
k=20|vol=1.00,20,1.0,2011-10-31,2011-11-30,0.012692280024991816,0.20148369909912608,0.20148369909912608,0.012692280393376911,0.20148370494705817,0.012692280024991905,0.2014836990991275,0.0021283648072129005,0.002128364756920638,True,True,7
k=20|vol=1.00,20,1.0,2011-11-30,2011-12-30,0.01302059534352924,0.20669554320590394,0.20669554320590394,0.013020595448785463,0.2066955448767947,0.013020595448785461,0.20669554487679467,0.0020112809583634674,0.0020112809583634674,True,True,7
k=20|vol=1.00,20,1.0,2011-12-30,2012-01-31,0.012964010735933028,0.20579729040750142,0.20579729040750142,0.012964010836202184,0.20579729199922492,0.012964010836202187,0.20579729199922497,0.002028485587393895,0.0020284855873938953,True,True,5
k=20|vol=1.00,20,1.0,2012-01-31,2012-02-29,0.012842734140454429,0.20387208413856772,0.20387208413856772,0.012842735093082739,0.2038720992610733,0.012842734140606169,0.20387208414097652,0.0023169892661648863,0.002316998159722896,True,True,9
k=20|vol=1.00,20,1.0,2012-02-29,2012-03-30,0.012725689199219535,0.2020140532982135,0.2020140532982135,0.01272568939076506,0.20201405633890446,0.01272568939076506,0.20201405633890446,0.0031390656182152302,0.0031390656182152302,True,True,8
k=20|vol=1.00,20,1.0,2012-03-30,2012-04-30,0.012770103788420072,0.2027191130438598,0.2027191130438598,0.012770103863367228,0.20271911423360903,0.012770103863367226,0.202719114233609,0.0035084300364042163,0.0035084300364042163,True,True,7
k=20|vol=1.00,20,1.0,2012-04-30,2012-05-31,0.012755750944586928,0.20249126871152553,0.20249126871152553,0.012755751130178176,0.20249127165769526,0.01275575113017818,0.20249127165769532,0.003451327164266633,0.003451327164266633,True,True,8
k=20|vol=1.00,20,1.0,2012-05-31,2012-06-29,0.012163058221563555,0.19308256341754035,0.19308256341754035,0.012163058273991967,0.1930825642498156,0.012163058273991967,0.1930825642498156,0.003031238352449222,0.003031238352449222,True,True,5
k=20|vol=1.00,20,1.0,2012-06-29,2012-07-31,0.01205956633339831,0.19143968062475386,0.19143968062475386,0.012059566364153871,0.19143968111298326,0.012059566364153874,0.19143968111298332,0.002605481926450883,0.0026054819264508832,True,True,5
k=20|vol=1.00,20,1.0,2012-07-31,2012-08-31,0.011885187776432266,0.1886715068504671,0.1886715068504671,0.011885187794418064,0.1886715071359828,0.011885187794418064,0.1886715071359828,0.002483881683507671,0.002483881683507671,True,True,6
k=20|vol=1.00,20,1.0,2012-08-31,2012-09-28,0.011676669624774089,0.18536138381168477,0.18536138381168477,0.011676669729320051,0.18536138547130046,0.011676669729320051,0.18536138547130046,0.0025630312685220825,0.002563031268522083,True,True,8
k=20|vol=1.00,20,1.0,2012-09-28,2012-10-31,0.011651087944148954,0.18495528722136567,0.18495528722136567,0.011651088168658308,0.18495529078534115,0.011651088168658308,0.18495529078534115,0.00268282492536626,0.00268282492536626,True,True,9
k=20|vol=1.00,20,1.0,2012-10-31,2012-11-30,0.011656696226831777,0.18504431594893103,0.18504431594893103,0.01165669623846609,0.18504431613362005,0.01165669623846609,0.18504431613362005,0.002219233368495707,0.002219233368495707,True,True,5
k=20|vol=1.00,20,1.0,2012-11-30,2012-12-31,0.011663642343232385,0.18515458212837335,0.18515458212837335,0.01166364246586103,0.18515458407504273,0.01166364246586103,0.18515458407504273,0.002511917891084865,0.002511917891084865,True,True,6
k=20|vol=1.00,20,1.0,2012-12-31,2013-01-31,0.011685951548981395,0.18550872979052888,0.18550872979052888,0.011685952387444841,0.18550874310072343,0.011685951549324605,0.18550872979597716,0.0022611507849776527,0.0022611507015247155,True,True,12
k=20|vol=1.00,20,1.0,2013-01-31,2013-02-28,0.011696577996374363,0.1856774194132603,0.1856774194132603,0.011696578045258685,0.18567742018927483,0.01169657804525869,0.1856774201892749,0.00341020777629713,0.0034102077762971318,True,True,14
k=20|vol=1.00,20,1.0,2013-02-28,2013-03-28,0.011718144460242809,0.1860197764135901,0.1860197764135901,0.011718144489733259,0.1860197768817365,0.011718144489733259,0.1860197768817365,0.0032684694186959403,0.0032684694186959403,True,True,14
k=20|vol=1.00,20,1.0,2013-03-28,2013-04-30,0.01156526702605238,0.18359292238194097,0.18359292238194097,0.011565267151491403,0.18359292437322375,0.011565267151491407,0.1835929243732238,0.003491236299247444,0.0034912362992474445,True,True,9
k=20|vol=1.00,20,1.0,2013-04-30,2013-05-31,0.011649200401485574,0.18492532341050769,0.18492532341050769,0.011649200857790696,0.18492533065412695,0.011649200477116638,0.1849253246111136,0.0033582760661213934,0.003358408636220429,True,True,8
k=20|vol=1.00,20,1.0,2013-05-31,2013-06-28,0.011656363173399263,0.18503902888959667,0.18503902888959667,0.011656363223688607,0.18503902968791527,0.011656363223688607,0.18503902968791527,0.0035132342806991615,0.0035132342806991615,True,True,10
k=20|vol=1.00,20,1.0,2013-06-28,2013-07-31,0.01167255062594933,0.18529599673243952,0.18529599673243952,0.011672550963261611,0.18529600208710595,0.01167255062605351,0.1852959967340933,0.003319959101099134,0.00331995902974217,True,True,13
k=20|vol=1.00,20,1.0,2013-07-31,2013-08-30,0.011530624127838977,0.18304298342173786,0.18304298342173786,0.01153062414307723,0.18304298366363764,0.01153062414307723,0.18304298366363764,0.003370032365970968,0.003370032365970969,True,True,9
k=20|vol=1.00,20,1.0,2013-08-30,2013-09-30,0.009895353806329034,0.15708387183925818,0.15708387183925818,0.009895353840730512,0.15708387238536473,0.00989535384073051,0.1570838723853647,0.0027064674746636623,0.0027064674746636623,True,True,8
k=20|vol=1.00,20,1.0,2013-09-30,2013-10-31,0.009347596490562552,0.14838849402125184,0.14838849402125184,0.009347596726362935,0.14838849776446686,0.009347596679475684,0.14838849702015483,0.0027933585315800644,0.0027933821386270145,True,True,11
k=20|vol=1.00,20,1.0,2013-10-31,2013-11-29,0.008663657813662094,0.13753130411466882,0.13753130411466882,0.008663659988152085,0.1375313386336273,0.008663657813807832,0.13753130411698233,0.002904254804514131,0.0029042541682827217,True,True,12
k=20|vol=1.00,20,1.0,2013-11-29,2013-12-31,0.007964351809835414,0.12643016545591015,0.12643016545591015,0.007964351885061274,0.12643016665008366,0.007964351885061274,0.12643016665008366,0.002946351679917144,0.002946351679917144,True,True,11
k=20|vol=1.00,20,1.0,2013-12-31,2014-01-31,0.0075066225905698735,0.1191639393640039,0.1191639393640039,0.007506625072410202,0.11916397876199772,0.007506622591104975,0.11916393937249838,0.002699608769615743,0.0026996777603579955,True,True,17
k=20|vol=1.00,20,1.0,2014-01-31,2014-02-28,0.007591962246181149,0.1205186643983199,0.1205186643983199,0.007591963405296321,0.12051868279870281,0.007591962246462304,0.12051866440278311,0.002349812166707296,0.0023498171802126557,True,True,19
k=20|vol=1.00,20,1.0,2014-02-28,2014-03-31,0.007671942962106148,0.12178831890243061,0.12178831890243061,0.00767194308931022,0.12178832092173265,0.0076719430893102195,0.12178832092173264,0.002576116303294947,0.002576116303294947,True,True,11
k=20|vol=1.00,20,1.0,2014-03-31,2014-04-30,0.007637449930730218,0.12124075900451785,0.12124075900451785,0.007637450145951167,0.12124076242104449,0.007637450145951167,0.12124076242104449,0.002149737457731623,0.002149737457731623,True,True,14
k=20|vol=1.00,20,1.0,2014-04-30,2014-05-30,0.007602413879895679,0.1206845789399378,0.1206845789399378,0.007602414136579539,0.12068458301466777,0.007602414136579539,0.12068458301466777,0.0019218944155414226,0.0019218944155414226,True,True,11
k=20|vol=1.00,20,1.0,2014-05-30,2014-06-30,0.00749574367199006,0.11899124188543087,0.11899124188543087,0.007495743751568646,0.11899124314870176,0.007495743751568645,0.11899124314870174,0.002193999320872529,0.002193999320872529,True,True,11
k=20|vol=1.00,20,1.0,2014-06-30,2014-07-31,0.007105574665794127,0.11279750092735291,0.11279750092735291,0.0071055748274883685,0.11279750349416942,0.007105574827488369,0.11279750349416943,0.0026072168940998743,0.0026072168940998747,True,True,14
k=20|vol=1.00,20,1.0,2014-07-31,2014-08-29,0.006929986293620278,0.11001012193203297,0.11001012193203297,0.006929986387693313,0.11001012342539611,0.0069299863876933114,0.11001012342539608,0.0019728212564721114,0.0019728212564721114,True,True,13
k=20|vol=1.00,20,1.0,2014-08-29,2014-09-30,0.006904730375805059,0.10960919666600244,0.10960919666600244,0.006904730468936135,0.10960919814441243,0.006904730468936134,0.10960919814441242,0.0023544414816944843,0.0023544414816944843,True,True,14
k=20|vol=1.00,20,1.0,2014-09-30,2014-10-31,0.0068724526059025515,0.10909680295377563,0.10909680295377563,0.006872452642779193,0.10909680353917417,0.006872452642779193,0.10909680353917417,0.0019554901318261557,0.0019554901318261557,True,True,13
k=20|vol=1.00,20,1.0,2014-10-31,2014-11-28,0.007124638987365077,0.1131001376500983,0.1131001376500983,0.007124639059390532,0.11310013879346695,0.007124639059390534,0.11310013879346698,0.0020396005124073756,0.002039600512407376,True,True,11
k=20|vol=1.00,20,1.0,2014-11-28,2014-12-31,0.006883516177619226,0.10927243171002232,0.10927243171002232,0.0068835162030961095,0.10927243211445531,0.00688351620309611,0.10927243211445532,0.002305101781654195,0.0023051017816541957,True,True,12
k=20|vol=1.00,20,1.0,2014-12-31,2015-01-30,0.007022664010608394,0.11148133507939965,0.11148133507939965,0.007022664033462636,0.1114813354421995,0.007022664033462636,0.1114813354421995,0.0021116591721143728,0.0021116591721143728,True,True,12
k=20|vol=1.00,20,1.0,2015-01-30,2015-02-27,0.007216723505770513,0.1145619340618979,0.1145619340618979,0.0072167236513611685,0.1145619363730779,0.0072167236513611685,0.1145619363730779,0.0020414265199733645,0.0020414265199733645,True,True,12
k=20|vol=1.00,20,1.0,2015-02-27,2015-03-31,0.007139310456510578,0.11333304000246001,0.11333304000246001,0.007139310472922413,0.11333304026298983,0.007139310472922414,0.11333304026298985,0.0023620814133490826,0.0023620814133490826,True,True,16
k=20|vol=1.00,20,1.0,2015-03-31,2015-04-30,0.007306083908635357,0.11598048648011942,0.11598048648011942,0.0073060844499578444,0.11598049507334751,0.007306083908697793,0.11598048648111058,0.0019329998980392748,0.0019329997163753088,True,True,14
k=20|vol=1.00,20,1.0,2015-04-30,2015-05-29,0.0071593904636461985,0.11365180023369155,0.11365180023369155,0.007159390558934697,0.11365180174634956,0.007159390558934698,0.11365180174634958,0.0015641963014173764,0.001564196301417377,True,True,18
k=20|vol=1.00,20,1.0,2015-05-29,2015-06-30,0.007182495398397072,0.11401857970214666,0.11401857970214666,0.0071824955098210835,0.11401858147094801,0.0071824955098210835,0.11401858147094801,0.0020452794456900475,0.0020452794456900475,True,True,15
k=20|vol=1.00,20,1.0,2015-06-30,2015-07-31,0.006979054038095945,0.11078904822769783,0.11078904822769783,0.006979054050913003,0.11078904843116233,0.006979054050913004,0.11078904843116234,0.0018043866240060138,0.0018043866240060142,True,True,15
k=20|vol=1.00,20,1.0,2015-07-31,2015-08-31,0.007071847370646464,0.11226209671521936,0.11226209671521936,0.0070718478789060304,0.11226210478358985,0.007071847424045327,0.11226209756290002,0.0019995201007616805,0.0019995420378324403,True,True,16
k=20|vol=1.00,20,1.0,2015-08-31,2015-09-30,0.007736760494310761,0.12281726532729256,0.12281726532729256,0.00773676058293775,0.12281726673420239,0.007736760494377719,0.12281726532835549,0.0004765265768335466,0.00047653947882247434,True,True,17
k=20|vol=1.00,20,1.0,2015-09-30,2015-10-30,0.008171324836836335,0.1297157604011663,0.1297157604011663,0.008171324857004628,0.12971576072132804,0.008171324857004631,0.1297157607213281,0.0005323091439063094,0.0005323091439063095,True,True,10
k=20|vol=1.00,20,1.0,2015-10-30,2015-11-30,0.008193504245964857,0.13006784760584886,0.13006784760584886,0.008193504612254703,0.1300678534205199,0.008193504246104629,0.13006784760806767,0.0011883804247626488,0.0011883802104152546,True,True,18
k=20|vol=1.00,20,1.0,2015-11-30,2015-12-31,0.008252116315192036,0.13099828535986097,0.13099828535986097,0.008252116333331998,0.13099828564782393,0.008252116333332,0.13099828564782395,0.0013220969498228948,0.0013220969498228953,True,True,15
k=20|vol=1.00,20,1.0,2015-12-31,2016-01-29,0.00849112641411517,0.13479245305536233,0.13479245305536233,0.00849112682545485,0.13479245958517733,0.008491126448324539,0.1347924535984192,0.0013809112385465738,0.0013809587459400786,True,True,13
k=20|vol=1.00,20,1.0,2016-01-29,2016-02-29,0.008843261785408918,0.14038242877699822,0.14038242877699822,0.00884326197062466,0.140382431717207,0.00884326197062466,0.140382431717207,0.0013843776810825016,0.0013843776810825016,True,True,11
k=20|vol=1.00,20,1.0,2016-02-29,2016-03-31,0.00899300613195256,0.14275954658415232,0.14275954658415232,0.008993006189218075,0.1427595474932142,0.008993006189218073,0.14275954749321418,0.0014972562245900668,0.0014972562245900668,True,True,13
k=20|vol=1.00,20,1.0,2016-03-31,2016-04-29,0.00903825526598304,0.1434778543182664,0.1434778543182664,0.00903825543124487,0.14347785694171664,0.00903825543124487,0.14347785694171664,0.0019180840212445545,0.0019180840212445545,True,True,12
k=20|vol=1.00,20,1.0,2016-04-29,2016-05-31,0.008981957368122321,0.14258415289581536,0.14258415289581536,0.008981957624280787,0.14258415696220494,0.008981957370176197,0.14258415292841964,0.002313723970116061,0.0023137240677775974,True,True,13
k=20|vol=1.00,20,1.0,2016-05-31,2016-06-30,0.009030390859462379,0.14335301073508971,0.14335301073508971,0.009030391908572792,0.14335302738920122,0.009030391010664414,0.14335301313534762,0.002435013876912473,0.002435018960970374,True,True,16
k=20|vol=1.00,20,1.0,2016-06-30,2016-07-29,0.009308345715431052,0.14776540728266502,0.14776540728266502,0.009308347621593646,0.14776543754205812,0.009308345816321988,0.147765408884259,0.0029956156563753496,0.002995961011823682,True,True,7
k=20|vol=1.00,20,1.0,2016-07-29,2016-08-31,0.00930879184971742,0.14777248944490345,0.14777248944490345,0.009308791970121742,0.1477724913562628,0.009308791970121744,0.14777249135626283,0.0033951102066570823,0.0033951102066570827,True,True,11
k=20|vol=1.00,20,1.0,2016-08-31,2016-09-30,0.009237663865355171,0.14664336769762465,0.14664336769762465,0.009237664213754085,0.14664337322828594,0.00923766386542297,0.1466433676987009,0.0026908737382451736,0.0026908736343191283,True,True,11
k=20|vol=1.00,20,1.0,2016-09-30,2016-10-31,0.009312893808616477,0.14783760602371412,0.14783760602371412,0.009312893949412112,0.14783760825877554,0.00931289394941211,0.1478376082587755,0.0023982289121185036,0.002398228912118503,True,True,14
k=20|vol=1.00,20,1.0,2016-10-31,2016-11-30,0.009080209498473803,0.14414385711196928,0.14414385711196928,0.009080209654420036,0.14414385958753897,0.009080209654420038,0.144143859587539,0.0022926428615153613,0.0022926428615153618,True,True,15
k=20|vol=1.00,20,1.0,2016-11-30,2016-12-30,0.009144776916133678,0.14516883309152329,0.14516883309152329,0.009144776968817145,0.1451688339278474,0.009144776968817145,0.1451688339278474,0.0027502305268735944,0.002750230526873595,True,True,15
k=20|vol=1.00,20,1.0,2016-12-30,2017-01-31,0.008989726950345712,0.1427074911899391,0.1427074911899391,0.008989726977594564,0.14270749162250124,0.008989726977594566,0.14270749162250126,0.0027764365505067333,0.002776436550506734,True,True,15
k=20|vol=1.00,20,1.0,2017-01-31,2017-02-28,0.008781583164687657,0.13940331102717063,0.13940331102717063,0.008781584293440555,0.1394033289455674,0.00878158316523533,0.13940331103586467,0.002836042652700061,0.00283604350250351,True,True,15
k=20|vol=1.00,20,1.0,2017-02-28,2017-03-31,0.00871914440142152,0.1384121263885348,0.1384121263885348,0.008719144521451522,0.13841212829395205,0.008719144521451522,0.13841212829395205,0.002955169583248797,0.002955169583248797,True,True,17
k=20|vol=1.00,20,1.0,2017-03-31,2017-04-28,0.008594091310844976,0.13642697011846142,0.13642697011846142,0.008594093359491524,0.13642700263971716,0.008594091310965873,0.1364269701203806,0.0025919219979551747,0.0025919231873688326,True,True,14
k=20|vol=1.00,20,1.0,2017-04-28,2017-05-31,0.008588852317533176,0.1363438036779213,0.1363438036779213,0.0085888528188277,0.13634381163572515,0.008588852318262962,0.1363438036895063,0.0025920141878640847,0.002592014135473931,True,True,12
k=20|vol=1.00,20,1.0,2017-05-31,2017-06-30,0.008532586223090352,0.13545060711907778,0.13545060711907778,0.008532587214330553,0.13545062285452814,0.00853258656217763,0.13545061250192145,0.0030011382819903104,0.0030011805347379796,True,True,9
k=20|vol=1.00,20,1.0,2017-06-30,2017-07-31,0.008455242547192283,0.13422281432761854,0.13422281432761854,0.008455242931713982,0.1342228204317113,0.008455242931713985,0.13422282043171135,0.002464553653536808,0.002464553653536809,True,True,9
k=20|vol=1.00,20,1.0,2017-07-31,2017-08-31,0.00835660281485912,0.1326569571207574,0.1326569571207574,0.00835660285308048,0.1326569577275027,0.00835660285308048,0.1326569577275027,0.003130083558566591,0.003130083558566591,True,True,6
k=20|vol=1.00,20,1.0,2017-08-31,2017-09-29,0.007599477425029653,0.12063796416406779,0.12063796416406779,0.00759947759817203,0.1206379669126178,0.00759947759817203,0.1206379669126178,0.0025446719309392012,0.0025446719309392012,True,True,11
k=20|vol=1.00,20,1.0,2017-09-29,2017-10-31,0.0072062311959862875,0.11439537380769164,0.11439537380769164,0.00720623242438372,0.11439539330789635,0.007206231196195707,0.11439537381101607,0.002416838712501806,0.002416838463713955,True,True,13
k=20|vol=1.00,20,1.0,2017-10-31,2017-11-30,0.007021107896631842,0.11145663253583789,0.11145663253583789,0.00702110793431689,0.11145663313406946,0.007021107934316889,0.11145663313406945,0.002626798440164765,0.002626798440164765,True,True,13
k=20|vol=1.00,20,1.0,2017-11-30,2017-12-29,0.006901465164312879,0.10955736304048441,0.10955736304048441,0.006901465237747109,0.10955736420621667,0.006901465237747111,0.1095573642062167,0.0026449736817844667,0.0026449736817844667,True,True,9
k=20|vol=1.00,20,1.0,2017-12-29,2018-01-31,0.006550902353864373,0.10399235094835667,0.10399235094835667,0.006550909972824369,0.10399247189559707,0.006550902353911523,0.10399235094910515,0.0026696117271765366,0.0026696104684346563,True,True,9
k=20|vol=1.00,20,1.0,2018-01-31,2018-02-28,0.005952395060683988,0.09449134221467434,0.09449134221467434,0.005952396066984952,0.0944913581892069,0.005952395060849281,0.09449134221729828,0.0030217909984873895,0.0030214790489596502,True,True,20
k=20|vol=1.00,20,1.0,2018-02-28,2018-03-29,0.0064232140234202545,0.10196536154227562,0.10196536154227562,0.006423214606044362,0.1019653707911466,0.0064232142946549055,0.10196536584799222,0.001401328943228094,0.0014013301186027597,True,True,20
k=20|vol=1.00,20,1.0,2018-03-29,2018-04-30,0.006744890457463626,0.10707181662492861,0.10707181662492861,0.006744890588332667,0.10707181870241024,0.006744890588332666,0.10707181870241023,0.0013693097102736723,0.0013693097102736723,True,True,16
k=20|vol=1.00,20,1.0,2018-04-30,2018-05-31,0.006963878216658201,0.11054813953090548,0.11054813953090548,0.006963878406882622,0.11054814255062455,0.006963878216857635,0.11054813953407139,0.0014142187297697742,0.0014142186843886032,True,True,14
k=20|vol=1.00,20,1.0,2018-05-31,2018-06-29,0.006950101771911968,0.11032944525041054,0.11032944525041054,0.006950103683211237,0.11032947559134582,0.006950101805779863,0.11032944578804671,0.0016609126472406682,0.0016609415990764243,True,True,17
k=20|vol=1.00,20,1.0,2018-06-29,2018-07-31,0.006639265132577101,0.10539506657412774,0.10539506657412774,0.006639265275391134,0.10539506884123022,0.006639265275391134,0.10539506884123022,0.0016594985239463164,0.0016594985239463164,True,True,13
k=20|vol=1.00,20,1.0,2018-07-31,2018-08-31,0.0066350987391278525,0.10532892712854316,0.10532892712854316,0.006635098866170605,0.10532892914528434,0.006635098866170605,0.10532892914528434,0.001811907597832602,0.001811907597832602,True,True,12
k=20|vol=1.00,20,1.0,2018-08-31,2018-09-28,0.006659786904627413,0.10572083960597262,0.10572083960597262,0.006659786973740223,0.10572084070310447,0.006659786973740223,0.10572084070310447,0.002488406581647109,0.0024884065816471084,True,True,16
k=20|vol=1.00,20,1.0,2018-09-28,2018-10-31,0.00647255589103606,0.10274863940788496,0.10274863940788496,0.006472555934686517,0.1027486401008145,0.006472555934686515,0.10274864010081447,0.0024939815929536364,0.002493981592953636,True,True,16
k=20|vol=1.00,20,1.0,2018-10-31,2018-11-30,0.007061415999282732,0.11209650382844859,0.11209650382844859,0.007061416462288035,0.11209651117842992,0.0070614159999674506,0.11209650383931816,0.0015749102653641735,0.0015749102284955266,True,True,13
k=20|vol=1.00,20,1.0,2018-11-30,2018-12-31,0.007322686774128483,0.11624404879899464,0.11624404879899464,0.0073226870357494455,0.11624405295209866,0.0073226867795540855,0.11624404888512341,0.0017972075547535995,0.0017972389529583395,True,True,15
k=20|vol=1.00,20,1.0,2018-12-31,2019-01-31,0.008144192302833288,0.12928504477669991,0.12928504477669991,0.008144192382730403,0.1292850460450273,0.008144192382730404,0.12928504604502733,0.0012384497731888038,0.0012384497731888042,True,True,9
k=20|vol=1.00,20,1.0,2019-01-31,2019-02-28,0.008445846033418164,0.13407364929579468,0.13407364929579468,0.008445847347600732,0.1340736701577962,0.008445846033510477,0.13407364929726012,0.0015584201600074626,0.0015584212115372265,True,True,12
k=20|vol=1.00,20,1.0,2019-02-28,2019-03-29,0.008482517770323692,0.13465579507177558,0.13465579507177558,0.008482517963575778,0.13465579813955736,0.008482517963575777,0.13465579813955733,0.0018990921525617074,0.0018990921525617074,True,True,13
k=20|vol=1.00,20,1.0,2019-03-29,2019-04-30,0.008540086144709602,0.13556966468381987,0.13556966468381987,0.008540086184393668,0.13556966531378487,0.008540086184393666,0.13556966531378484,0.0022724674498378022,0.0022724674498378022,True,True,10
k=20|vol=1.00,20,1.0,2019-04-30,2019-05-31,0.008531961157594378,0.13544068451194494,0.13544068451194494,0.008531961204099494,0.13544068525019076,0.008531961204099497,0.13544068525019082,0.002536678041049063,0.0025366780410490644,True,True,9
k=20|vol=1.00,20,1.0,2019-05-31,2019-06-28,0.008708973946574649,0.13825067542306343,0.13825067542306343,0.008708974088344272,0.13825067767358645,0.008708974088344272,0.13825067767358645,0.0019550202340686967,0.001955020234068697,True,True,9
k=20|vol=1.00,20,1.0,2019-06-28,2019-07-31,0.008791278747467664,0.13955722363228107,0.13955722363228107,0.008791278787255965,0.13955722426390077,0.008791278787255963,0.13955722426390074,0.0021712741960317142,0.0021712741960317142,True,True,8
k=20|vol=1.00,20,1.0,2019-07-31,2019-08-30,0.008814148466722387,0.13992026917049225,0.13992026917049225,0.00881414866740424,0.1399202723562179,0.008814148667404237,0.13992027235621785,0.0023143139931039187,0.0023143139931039187,True,True,10
k=20|vol=1.00,20,1.0,2019-08-30,2019-09-30,0.009225040277730764,0.14644297445657894,0.14644297445657894,0.009225040325769412,0.14644297521916885,0.009225040325769412,0.14644297521916885,0.00233506187652207,0.00233506187652207,True,True,6
k=20|vol=1.00,20,1.0,2019-09-30,2019-10-31,0.009257598357133554,0.146959817944173,0.146959817944173,0.009257598402077894,0.1469598186576423,0.009257598402077894,0.1469598186576423,0.0022104156126417137,0.0022104156126417137,True,True,5
k=20|vol=1.00,20,1.0,2019-10-31,2019-11-29,0.00938817443714022,0.1490326489534009,0.1490326489534009,0.009388174542089064,0.14903265061941212,0.009388174542089064,0.14903265061941212,0.0022513404218553633,0.0022513404218553633,True,True,8
k=20|vol=1.00,20,1.0,2019-11-29,2019-12-31,0.009387368928339695,0.1490198618976105,0.1490198618976105,0.009387369487776265,0.14901987077839074,0.009387368930499391,0.14901986193189462,0.0022536321264814956,0.002253673759000488,True,True,9
k=20|vol=1.00,20,1.0,2019-12-31,2020-01-31,0.009406615551486421,0.1493253925681546,0.1493253925681546,0.009406616472756256,0.14932540719285983,0.009406615551607031,0.14932539257006922,0.0026565932063324924,0.002656593090232468,True,True,7
k=20|vol=1.00,20,1.0,2020-01-31,2020-02-28,0.00945552982843487,0.15010188264235141,0.15010188264235141,0.009455530001781608,0.15010188539414557,0.009455530001781608,0.15010188539414557,0.0027059176309002886,0.0027059176309002886,True,True,6
k=20|vol=1.00,20,1.0,2020-02-28,2020-03-31,0.009389000136061632,0.1490457565174241,0.1490457565174241,0.009389000163994613,0.14904575696084643,0.009389000163994613,0.14904575696084643,0.001602715605767169,0.0016027156057671693,True,True,7
k=20|vol=1.00,20,1.0,2020-03-31,2020-04-30,0.014674161254652596,0.23294508826962196,0.23294508826962196,0.016194955976031714,0.2570869560373154,0.01619495604011259,0.2570869570545678,-0.00046862946021143605,-0.0004686292618349265,False,False,6
k=20|vol=1.00,20,1.0,2020-04-30,2020-05-29,0.015421222374438066,0.24480431589232868,0.24480431589232868,0.0171570363642709,0.27235950872851555,0.01715703600242178,0.2723595029843388,0.0013891983366133781,0.001389254740125398,False,False,8
k=20|vol=1.00,20,1.0,2020-05-29,2020-06-30,0.015623733589109802,0.24801908176266685,0.24801908176266685,0.015950417984088684,0.2532050357605852,0.01595041803326584,0.2532050365412483,0.0010989429574429724,0.00109880964007076,False,False,8
k=20|vol=1.00,20,1.0,2020-06-30,2020-07-31,0.016006723930106374,0.25409886494356737,0.25409886494356737,0.01600672395635053,0.25409886536018045,0.016006723956350534,0.2540988653601805,0.0020129665701894804,0.002012966570189481,True,True,7
k=20|vol=1.00,20,1.0,2020-07-31,2020-08-31,0.01606384818907011,0.25500568444184873,0.25500568444184873,0.016063848229644715,0.2550056850859507,0.016063848229644715,0.2550056850859507,0.003118565780979338,0.003118565780979338,True,True,8
k=20|vol=1.00,20,1.0,2020-08-31,2020-09-30,0.01608028681412635,0.25526663952461665,0.25526663952461665,0.016080287288570017,0.25526664705617635,0.016080286994502393,0.25526664238799757,0.003625164070716836,0.0036251959513917704,True,True,11
k=20|vol=1.00,20,1.0,2020-09-30,2020-10-30,0.01636201809483155,0.2597389849563788,0.2597389849563788,0.016362018176431015,0.25973898625173014,0.016362018176431018,0.2597389862517302,0.003038108119391776,0.0030381081193917763,True,True,9
k=20|vol=1.00,20,1.0,2020-10-30,2020-11-30,0.016305166357122217,0.25883649159889416,0.25883649159889416,0.01630516646573977,0.25883649332314435,0.01630516646573977,0.25883649332314435,0.003005315240315892,0.0030053152403158915,True,True,6
k=20|vol=1.00,20,1.0,2020-11-30,2020-12-31,0.016277125835489934,0.2583913621176649,0.2583913621176649,0.016277125867304357,0.2583913626227032,0.01627712586730436,0.25839136262270324,0.003389583120680754,0.0033895831206807543,True,True,10
k=20|vol=1.00,20,1.0,2020-12-31,2021-01-29,0.015882680081528513,0.25212972989354115,0.25212972989354115,0.01588268017861775,0.25212973143478495,0.01588268017861775,0.25212973143478495,0.0034156321947233755,0.0034156321947233764,True,True,13
k=20|vol=1.00,20,1.0,2021-01-29,2021-02-26,0.015838001964461956,0.25142048677271267,0.25142048677271267,0.01583800199097884,0.25142048719365523,0.015838001990978838,0.2514204871936552,0.004292146408694308,0.004292146408694308,True,True,7
k=20|vol=1.00,20,1.0,2021-02-26,2021-03-31,0.015896679982288858,0.2523519714282899,0.2523519714282899,0.015896680467594636,0.2523519791322803,0.01589667998453178,0.25235197146389515,0.005031341795365506,0.005031341820519802,True,True,10
k=20|vol=1.00,20,1.0,2021-03-31,2021-04-30,0.01596702364196898,0.25346864240723244,0.25346864240723244,0.015967023708287762,0.2534686434600105,0.015967023708287762,0.2534686434600105,0.0038955006649254403,0.0038955006649254408,True,True,7
k=20|vol=1.00,20,1.0,2021-04-30,2021-05-28,0.016007506756775845,0.2541112919316899,0.2541112919316899,0.016007506829776016,0.2541112930905317,0.016007506829776016,0.2541112930905317,0.004093668294162229,0.004093668294162229,True,True,9
k=20|vol=1.00,20,1.0,2021-05-28,2021-06-30,0.015986099114263266,0.2537714561422232,0.2537714561422232,0.01598609925842878,0.25377145843077975,0.01598609925842878,0.25377145843077975,0.003972952224753898,0.003972952224753898,True,True,6
k=20|vol=1.00,20,1.0,2021-06-30,2021-07-30,0.01594692124122634,0.25314952668851015,0.25314952668851015,0.015946921551065384,0.2531495316070525,0.015946921551065384,0.2531495316070525,0.0036609556156690756,0.003660955615669076,True,True,6
k=20|vol=1.00,20,1.0,2021-07-30,2021-08-31,0.01597724630462093,0.25363092214591626,0.25363092214591626,0.01597724637043692,0.25363092319071273,0.015977246370436918,0.2536309231907127,0.004342067257405162,0.004342067257405161,True,True,2
k=20|vol=1.00,20,1.0,2021-08-31,2021-09-30,0.015732498626812016,0.24974567320925858,0.24974567320925858,0.015732498626823927,0.24974567320944768,0.015732498626823927,0.24974567320944768,0.004581102440371567,0.004581102440371567,True,True,2
k=20|vol=1.00,20,1.0,2021-09-30,2021-10-29,0.01578186315650247,0.25052931082415025,0.25052931082415025,0.015781863171743914,0.25052931106610066,0.015781863171743918,0.2505293110661007,0.0030068201053528,0.0030068201053528015,True,True,3
k=20|vol=1.00,20,1.0,2021-10-29,2021-11-30,0.015768002000505644,0.2503092717942414,0.2503092717942414,0.015768002085300253,0.25030927314031404,0.015768002085300253,0.25030927314031404,0.003956016002735444,0.003956016002735444,True,True,4
k=20|vol=1.00,20,1.0,2021-11-30,2021-12-31,0.015835186978500063,0.2513758002559169,0.2513758002559169,0.015835187051094702,0.25137580140832105,0.015835187051094702,0.25137580140832105,0.00449797635110532,0.00449797635110532,True,True,4
k=20|vol=1.00,20,1.0,2021-12-31,2022-01-31,0.015953704516564776,0.25325720784623,0.25325720784623,0.015953704516569547,0.2532572078463058,0.01595370451656955,0.25325720784630584,0.0034940129788182004,0.0034940129788182004,True,True,3
k=20|vol=1.00,20,1.0,2022-01-31,2022-02-28,0.016062756707982125,0.25498835771673156,0.25498835771673156,0.016062756768262812,0.25498835867365777,0.016062756768262815,0.2549883586736578,0.0031316106894184776,0.003131610689418478,True,True,5
k=20|vol=1.00,20,1.0,2022-02-28,2022-03-31,0.01598601993623167,0.25377019922993777,0.25377019922993777,0.01598601993631124,0.2537701992312009,0.015986019936311244,0.253770199231201,0.00323717919504378,0.0032371791950437804,True,True,3
k=20|vol=1.00,20,1.0,2022-03-31,2022-04-29,0.011246739250206136,0.17853645069860685,0.17853645069860685,0.011246739287979014,0.1785364512982327,0.011246739287979018,0.17853645129823276,0.0031456839230408536,0.0031456839230408545,True,True,3
k=20|vol=1.00,20,1.0,2022-04-29,2022-05-31,0.010700099173635331,0.16985880850300092,0.16985880850300092,0.010700099356007488,0.16985881139806916,0.01070009935600749,0.1698588113980692,0.0024955508884665287,0.0024955508884665287,True,True,7
k=20|vol=1.00,20,1.0,2022-05-31,2022-06-30,0.011056888752222275,0.17552266747492445,0.17552266747492445,0.011056888765769142,0.1755226676899743,0.011056888765769143,0.17552266768997432,0.0025009328104191814,0.002500932810419182,True,True,11
k=20|vol=1.00,20,1.0,2022-06-30,2022-07-29,0.011106464707059373,0.17630966135996964,0.17630966135996964,0.011106464718985585,0.1763096615492924,0.011106464718985585,0.1763096615492924,0.0017832510378622411,0.0017832510378622416,True,True,7
k=20|vol=1.00,20,1.0,2022-07-29,2022-08-31,0.011251715481484292,0.17861544592117692,0.17861544592117692,0.011251715653956364,0.17861544865908616,0.011251715482341862,0.1786154459347904,0.0018962503644602527,0.001896250441682867,True,True,10
k=20|vol=1.00,20,1.0,2022-08-31,2022-09-30,0.01147901716095047,0.18222374821990583,0.18222374821990583,0.011479017412955234,0.18222375222035744,0.011479017161059637,0.18222374822163884,0.0019150306764078833,0.0019150306356487724,True,True,10
k=20|vol=1.00,20,1.0,2022-09-30,2022-10-31,0.011495613163730076,0.1824872015965813,0.1824872015965813,0.011495613201746276,0.18248720220006975,0.011495613201746278,0.18248720220006978,0.0010237990610144712,0.0010237990610144716,True,True,10
k=20|vol=1.00,20,1.0,2022-10-31,2022-11-30,0.011756334784728666,0.18662602902006073,0.18662602902006073,0.01175633487868021,0.18662603051149526,0.01175633487868021,0.18662603051149526,0.0024388188146029855,0.002438818814602986,True,True,9
k=20|vol=1.00,20,1.0,2022-11-30,2022-12-30,0.012066273143511618,0.19154614793465594,0.19154614793465594,0.012066273167260687,0.19154614831166072,0.012066273167260689,0.19154614831166075,0.002767614064822106,0.0027676140648221067,True,True,8
k=20|vol=1.00,20,1.0,2022-12-30,2023-01-31,0.01223974630745642,0.19429994904030484,0.19429994904030484,0.012239746808115848,0.19429995698802685,0.012239746808115848,0.19429995698802685,0.002351433479140283,0.002351433479140283,True,True,4
k=20|vol=1.00,20,1.0,2023-01-31,2023-02-28,0.012256988096851402,0.19457365396168608,0.19457365396168608,0.01225698824784545,0.1945736563586423,0.012256988247845454,0.19457365635864235,0.0021181433529923782,0.0021181433529923787,True,True,11
k=20|vol=1.00,20,1.0,2023-02-28,2023-03-31,0.01227943864624517,0.19493004538464218,0.19493004538464218,0.012279438849446205,0.1949300486103586,0.012279438849446203,0.19493004861035856,0.0020288350942509513,0.0020288350942509513,True,True,7
k=20|vol=1.00,20,1.0,2023-03-31,2023-04-28,0.012321528269253798,0.19559819743618592,0.19559819743618592,0.01232153201316489,0.195598256868932,0.012321528270148334,0.19559819745038623,0.0023379184625541573,0.002338025914680004,True,True,16
k=20|vol=1.00,20,1.0,2023-04-28,2023-05-31,0.012333085123070148,0.19578165680300427,0.19578165680300427,0.012333085134396855,0.19578165698281016,0.012333085134396854,0.19578165698281014,0.0026476366062829094,0.0026476366062829094,True,True,5
k=20|vol=1.00,20,1.0,2023-05-31,2023-06-30,0.012316341043124502,0.19551585277419167,0.19551585277419167,0.012316341044035074,0.19551585278864655,0.012316341044035077,0.1955158527886466,0.0029810726658719266,0.0029810726658719275,True,True,6
k=20|vol=1.00,20,1.0,2023-06-30,2023-07-31,0.012349857909694265,0.19604791653621004,0.19604791653621004,0.012349857920990545,0.19604791671553293,0.012349857920990545,0.19604791671553293,0.0035063866548087934,0.0035063866548087934,True,True,7
k=20|vol=1.00,20,1.0,2023-07-31,2023-08-31,0.012311137221233073,0.19543324466264092,0.19543324466264092,0.012311137615110197,0.1954332509152464,0.012311137222163608,0.19543324467741272,0.00322242568963311,0.0032224256526620196,True,True,10
k=20|vol=1.00,20,1.0,2023-08-31,2023-09-29,0.012367194205624512,0.19632312170232877,0.19632312170232877,0.012367194324243373,0.19632312358534482,0.01236719432424337,0.19632312358534476,0.003366955844648823,0.0033669558446488227,True,True,9
k=20|vol=1.00,20,1.0,2023-09-29,2023-10-31,0.01234856361186697,0.1960273701951692,0.1960273701951692,0.012348563766084711,0.19602737264329995,0.012348563766084711,0.19602737264329995,0.0023792529997914086,0.0023792529997914086,True,True,5
k=20|vol=1.00,20,1.0,2023-10-31,2023-11-30,0.012376186843591912,0.19646587540448185,0.19646587540448185,0.012376186866960273,0.19646587577544308,0.012376186866960273,0.19646587577544308,0.0019773704461573064,0.0019773704461573073,True,True,6
k=20|vol=1.00,20,1.0,2023-11-30,2023-12-29,0.012410848454295787,0.19701611141626216,0.19701611141626216,0.012410848887171547,0.19701611828795182,0.012410848887171547,0.19701611828795182,0.0026026593213160014,0.0026026593213160014,True,True,9
k=20|vol=1.00,20,1.0,2023-12-29,2024-01-31,0.012243857295976192,0.1943652089599006,0.1943652089599006,0.01224385742460118,0.19436521100175896,0.01224385742460118,0.19436521100175896,0.003108731948643436,0.003108731948643436,True,True,9
k=20|vol=1.00,20,1.0,2024-01-31,2024-02-29,0.012170920489594596,0.19320737305324676,0.19320737305324676,0.012170920520260727,0.1932073735400565,0.012170920520260727,0.1932073735400565,0.003226296092518984,0.003226296092518983,True,True,11
k=20|vol=1.00,20,1.0,2024-02-29,2024-03-28,0.011894169795674817,0.18881409198558902,0.18881409198558902,0.011894170001653175,0.18881409525539408,0.011894170001653178,0.18881409525539414,0.003930236742092645,0.003930236742092646,True,True,7
k=20|vol=1.00,20,1.0,2024-03-28,2024-04-30,0.011591589960831362,0.18401078601715634,0.18401078601715634,0.01159159000538686,0.18401078672445295,0.01159159000538686,0.18401078672445295,0.004042190902886289,0.004042190902886289,True,True,8
k=20|vol=1.00,20,1.0,2024-04-30,2024-05-31,0.01141247934959674,0.18116749321015885,0.18116749321015885,0.01141247961134601,0.1811674973652997,0.011412479611346012,0.18116749736529972,0.0034642835922498805,0.0034642835922498814,True,True,8
k=20|vol=1.00,20,1.0,2024-05-31,2024-06-28,0.010608495433189195,0.16840464420469822,0.16840464420469822,0.010608496228819733,0.16840465683494144,0.01060849543396796,0.16840464421706072,0.0035091299107580234,0.003509129858478956,True,True,10
k=20|vol=1.00,20,1.0,2024-06-28,2024-07-31,0.009968279689033346,0.15824153433791102,0.15824153433791102,0.009968279941188063,0.1582415383407431,0.009968279941188063,0.1582415383407431,0.0032108832316791584,0.0032108832316791584,True,True,9
k=20|vol=1.00,20,1.0,2024-07-31,2024-08-30,0.009800532576131693,0.15557863147458995,0.15557863147458995,0.009800532724228471,0.15557863382555343,0.009800532724228475,0.15557863382555348,0.0030141106052058914,0.0030141106052058923,True,True,8
k=20|vol=1.00,20,1.0,2024-08-30,2024-09-30,0.009766810462223958,0.1550433095120904,0.1550433095120904,0.009766810914344465,0.15504331668928095,0.009766810914344469,0.155043316689281,0.0030819992845109606,0.003081999284510962,True,True,9
k=20|vol=1.00,20,1.0,2024-09-30,2024-10-31,0.009471071805657535,0.1503486038820318,0.1503486038820318,0.009471072249517497,0.1503486109280903,0.009471071807930295,0.15034860391811078,0.0029238650197700227,0.00292386511024094,True,True,9
k=20|vol=1.00,20,1.0,2024-10-31,2024-11-29,0.008789947518177311,0.13953609102243938,0.13953609102243938,0.008789948778708364,0.13953611103274952,0.008789947520450083,0.13953609105851855,0.002787309570948316,0.002787429011129286,True,True,8
k=20|vol=1.00,20,1.0,2024-11-29,2024-12-31,0.008299277764782642,0.13174695016237728,0.13174695016237728,0.008299278714419678,0.13174696523739787,0.008299277768675596,0.131746950224176,0.0032474992761886293,0.0032474992907577252,True,True,10
k=20|vol=1.00,20,1.0,2024-12-31,2025-01-31,0.00808346356112137,0.12832100588867826,0.12832100588867826,0.008083463957898449,0.12832101218731912,0.008083463561830425,0.12832100589993417,0.0022469286765762738,0.0022469286504321244,True,True,13
k=20|vol=1.00,20,1.0,2025-01-31,2025-02-28,0.008005170839085394,0.12707814745683726,0.12707814745683726,0.00800517100313636,0.1270781500610656,0.00800517100313636,0.1270781500610656,0.002684365044390418,0.002684365044390418,True,True,13
k=20|vol=1.00,20,1.0,2025-02-28,2025-03-31,0.00789416493550418,0.12531598336722183,0.12531598336722183,0.007894165109185817,0.12531598612433234,0.007894165109185818,0.12531598612433237,0.0028565699169203853,0.0028565699169203866,True,True,11
k=20|vol=1.00,20,1.0,2025-03-31,2025-04-30,0.008035978045781836,0.12756719670188135,0.12756719670188135,0.008035978222549521,0.12756719950798137,0.008035978222549523,0.1275671995079814,0.0023817369258709686,0.0023817369258709695,True,True,11
k=20|vol=1.00,20,1.0,2025-04-30,2025-05-30,0.01031058548482059,0.1636754703858457,0.1636754703858457,0.010310585535651784,0.16367547119276588,0.010310585535651784,0.16367547119276588,0.0024846571828217633,0.0024846571828217637,True,True,9
k=20|vol=1.00,20,1.0,2025-05-30,2025-06-30,0.010385145683645205,0.16485907684860646,0.16485907684860646,0.010385147248142077,0.16485910168422435,0.01038514568372973,0.16485907684994824,0.0026336249673518226,0.0026336246734352227,True,True,7
k=20|vol=1.00,20,1.0,2025-06-30,2025-07-31,0.010372839502207696,0.16466372227457152,0.16466372227457152,0.01037283952303408,0.1646637226051801,0.010372839523034078,0.16466372260518009,0.0027178595257046235,0.0027178595257046235,True,True,14
k=20|vol=1.00,20,1.0,2025-07-31,2025-08-29,0.010345365798831298,0.1642275907542041,0.1642275907542041,0.010345367148121402,0.16422761217352047,0.01034536579898307,0.1642275907566134,0.002749920578812134,0.00274992031404814,True,True,12
k=20|vol=1.00,20,1.0,2025-08-29,2025-09-30,0.010337286128133323,0.16409932995815127,0.16409932995815127,0.010337286218441792,0.16409933139175378,0.010337286218441792,0.16409933139175378,0.00307331203435724,0.00307331203435724,True,True,9
k=20|vol=1.00,20,1.0,2025-09-30,2025-10-31,0.010251264376279864,0.1627337769816731,0.1627337769816731,0.010251264454681122,0.16273377822625448,0.010251264454681124,0.1627337782262545,0.004074707767884242,0.004074707767884243,True,True,14
k=20|vol=1.00,20,1.0,2025-10-31,2025-11-28,0.010254397203072356,0.16278350906523456,0.16278350906523456,0.010254397252972874,0.16278350985738071,0.010254397252972872,0.1627835098573807,0.003927061017435248,0.003927061017435248,True,True,16
k=20|vol=1.00,20,1.0,2025-11-28,2025-12-31,0.01028898210734615,0.16333252740018714,0.16333252740018714,0.010288982311945348,0.16333253064809874,0.010288982311945348,0.16333253064809874,0.004029252901573724,0.004029252901573724,True,True,9
k=20|vol=1.00,20,1.0,2025-12-31,2026-01-30,0.010281252041601912,0.16320981641072255,0.16320981641072255,0.010281256654856127,0.16320988964386288,0.010281252449575057,0.16320982288709546,0.00342806458308336,0.003428069254210809,True,True,16
k=20|vol=1.00,20,1.0,2026-01-30,2026-02-27,0.010294409306493115,0.1634186815157381,0.1634186815157381,0.010294409403716787,0.16341868305911603,0.010294409403716785,0.163418683059116,0.004105218632146801,0.004105218632146801,True,True,13
k=20|vol=1.00,20,1.0,2026-02-27,2026-03-31,0.010276641958429549,0.16313663360913816,0.16313663360913816,0.010276642100432791,0.16313663586336977,0.010276642100432793,0.1631366358633698,0.004372124781332174,0.004372124781332174,True,True,15
k=20|vol=1.00,20,1.0,2026-03-31,2026-04-30,0.010484372107176277,0.16643424748950397,0.16643424748950397,0.010484372135038276,0.16643424793179948,0.010484372135038276,0.16643424793179948,0.0038347528628017427,0.0038347528628017427,True,True,9
k=20|vol=1.00,20,1.0,2026-04-30,2026-05-29,0.010499071237199726,0.16666758894469025,0.16666758894469025,0.010499071681621524,0.16666759599966757,0.010499071295270546,0.16666758986653596,0.004082762101762132,0.004082775188960235,True,True,16
